{"_v":"18.1","clients":[{"client_id":"05d88efe-7145-40de-a181-2fcf1d4e2fd8","resources":[{"methods":["get"],"read_attributes":"(**)","write_attributes":"(**)","resource_id":"/code_versions"},{"methods":["patch","delete"],"read_attributes":"(**)","write_attributes":"(**)","resource_id":"/code_versions/*"},{"methods":["post"],"read_attributes":"(**)","write_attributes":"(**)","resource_id":"/jobs/*/executions"},{"methods":["get"],"read_attributes":"(**)","write_attributes":"(**)","resource_id":"/jobs/*/executions/*"},{"methods":["post"],"read_attributes":"(**)","write_attributes":"(**)","resource_id":"/sites/*/cartridges"}]}]}