<?xml version="1.0" encoding="UTF-8"?>
<metadata xmlns="http://www.demandware.com/xml/impex/metadata/2006-10-31">
    <custom-type type-id="ContBr">
        <staging-mode>no-staging</staging-mode>
        <storage-scope>organization</storage-scope>
        <key-definition attribute-id="Email">
            <type>string</type>
            <min-length>0</min-length>
        </key-definition>
        <attribute-definitions>
            <attribute-definition attribute-id="Name">
                <type>string</type>
                <localizable-flag>false</localizable-flag>
                <mandatory-flag>false</mandatory-flag>
                <externally-managed-flag>false</externally-managed-flag>
                <min-length>0</min-length>
            </attribute-definition>
            <attribute-definition attribute-id="phone">
                <type>int</type>
                <localizable-flag>false</localizable-flag>
                <mandatory-flag>false</mandatory-flag>
                <externally-managed-flag>false</externally-managed-flag>
            </attribute-definition>
        </attribute-definitions>
        <group-definitions>
            <attribute-group group-id="contatos">
                <display-name xml:lang="x-default">CadContao</display-name>
                <attribute attribute-id="Name"/>
                <attribute attribute-id="Email"/>
                <attribute attribute-id="phone"/>
            </attribute-group>
        </group-definitions>
    </custom-type>

    <custom-type type-id="ContactObj">
        <display-name xml:lang="x-default">ContactObj</display-name>
        <staging-mode>no-staging</staging-mode>
        <storage-scope>organization</storage-scope>
        <key-definition attribute-id="email">
            <type>string</type>
            <min-length>0</min-length>
        </key-definition>
        <attribute-definitions>
            <attribute-definition attribute-id="Endereco">
                <type>string</type>
                <localizable-flag>false</localizable-flag>
                <mandatory-flag>false</mandatory-flag>
                <externally-managed-flag>false</externally-managed-flag>
                <min-length>0</min-length>
            </attribute-definition>
            <attribute-definition attribute-id="Name">
                <type>string</type>
                <localizable-flag>false</localizable-flag>
                <mandatory-flag>false</mandatory-flag>
                <externally-managed-flag>false</externally-managed-flag>
                <min-length>0</min-length>
            </attribute-definition>
            <attribute-definition attribute-id="NumEndereco">
                <type>string</type>
                <localizable-flag>false</localizable-flag>
                <mandatory-flag>false</mandatory-flag>
                <externally-managed-flag>false</externally-managed-flag>
                <min-length>0</min-length>
            </attribute-definition>
            <attribute-definition attribute-id="Phone">
                <type>string</type>
                <localizable-flag>false</localizable-flag>
                <mandatory-flag>false</mandatory-flag>
                <externally-managed-flag>false</externally-managed-flag>
                <min-length>0</min-length>
            </attribute-definition>
        </attribute-definitions>
        <group-definitions>
            <attribute-group group-id="ContactCustomObjGroup">
                <display-name xml:lang="x-default">Contact Custom Obj Group</display-name>
                <attribute attribute-id="Endereco"/>
                <attribute attribute-id="email"/>
                <attribute attribute-id="Name"/>
            </attribute-group>
            <attribute-group group-id="def">
                <display-name xml:lang="x-default">default</display-name>
                <attribute attribute-id="Phone"/>
                <attribute attribute-id="email"/>
                <attribute attribute-id="Name"/>
            </attribute-group>
            <attribute-group group-id="email">
                <display-name xml:lang="x-default">Email</display-name>
                <attribute attribute-id="email"/>
            </attribute-group>
        </group-definitions>
    </custom-type>

    <custom-type type-id="Revend">
        <display-name xml:lang="x-default">Revend</display-name>
        <description xml:lang="x-default">Cadastro de feirantes revendedores.</description>
        <staging-mode>no-staging</staging-mode>
        <storage-scope>organization</storage-scope>
        <key-definition attribute-id="email">
            <display-name xml:lang="x-default">E-mail</display-name>
            <type>string</type>
            <min-length>0</min-length>
        </key-definition>
        <attribute-definitions>
            <attribute-definition attribute-id="cidade">
                <display-name xml:lang="x-default">Cidade</display-name>
                <type>string</type>
                <localizable-flag>false</localizable-flag>
                <mandatory-flag>false</mandatory-flag>
                <externally-managed-flag>false</externally-managed-flag>
                <min-length>0</min-length>
            </attribute-definition>
            <attribute-definition attribute-id="estado">
                <display-name xml:lang="x-default">Estado</display-name>
                <type>string</type>
                <localizable-flag>false</localizable-flag>
                <mandatory-flag>false</mandatory-flag>
                <externally-managed-flag>false</externally-managed-flag>
                <min-length>0</min-length>
            </attribute-definition>
            <attribute-definition attribute-id="nome">
                <display-name xml:lang="x-default">Nome Completo</display-name>
                <type>string</type>
                <localizable-flag>false</localizable-flag>
                <mandatory-flag>false</mandatory-flag>
                <externally-managed-flag>false</externally-managed-flag>
                <min-length>0</min-length>
            </attribute-definition>
            <attribute-definition attribute-id="phone">
                <display-name xml:lang="x-default">Telefone</display-name>
                <type>int</type>
                <localizable-flag>false</localizable-flag>
                <mandatory-flag>false</mandatory-flag>
                <externally-managed-flag>false</externally-managed-flag>
            </attribute-definition>
        </attribute-definitions>
        <group-definitions>
            <attribute-group group-id="Revend">
                <display-name xml:lang="x-default">Revends</display-name>
                <attribute attribute-id="cidade"/>
                <attribute attribute-id="estado"/>
                <attribute attribute-id="phone"/>
                <attribute attribute-id="nome"/>
                <attribute attribute-id="email"/>
            </attribute-group>
        </group-definitions>
    </custom-type>

    <custom-type type-id="SignInDealer">
        <display-name xml:lang="x-default">SignInDealer</display-name>
        <description xml:lang="x-default">Registro de novos revendedores</description>
        <staging-mode>no-staging</staging-mode>
        <storage-scope>organization</storage-scope>
        <key-definition attribute-id="email">
            <type>string</type>
            <min-length>0</min-length>
        </key-definition>
        <attribute-definitions>
            <attribute-definition attribute-id="cnpj">
                <display-name xml:lang="x-default">CNPJ</display-name>
                <description xml:lang="x-default">CNPJ</description>
                <type>string</type>
                <localizable-flag>false</localizable-flag>
                <mandatory-flag>true</mandatory-flag>
                <externally-managed-flag>false</externally-managed-flag>
                <min-length>0</min-length>
            </attribute-definition>
            <attribute-definition attribute-id="fantasyname">
                <display-name xml:lang="x-default">Fantasy Name</display-name>
                <description xml:lang="x-default">Nome fantasia</description>
                <type>string</type>
                <localizable-flag>false</localizable-flag>
                <mandatory-flag>true</mandatory-flag>
                <externally-managed-flag>false</externally-managed-flag>
                <min-length>0</min-length>
            </attribute-definition>
            <attribute-definition attribute-id="password">
                <display-name xml:lang="x-default">Senha</display-name>
                <description xml:lang="x-default">Senha de acesso</description>
                <type>string</type>
                <localizable-flag>false</localizable-flag>
                <mandatory-flag>true</mandatory-flag>
                <externally-managed-flag>false</externally-managed-flag>
                <min-length>0</min-length>
            </attribute-definition>
            <attribute-definition attribute-id="phone">
                <display-name xml:lang="x-default">Telefone</display-name>
                <description xml:lang="x-default">Telefone de contato</description>
                <type>string</type>
                <localizable-flag>false</localizable-flag>
                <mandatory-flag>false</mandatory-flag>
                <externally-managed-flag>false</externally-managed-flag>
                <min-length>0</min-length>
            </attribute-definition>
            <attribute-definition attribute-id="socialname">
                <display-name xml:lang="x-default">Razao Social</display-name>
                <description xml:lang="x-default">Razao Social</description>
                <type>string</type>
                <localizable-flag>false</localizable-flag>
                <mandatory-flag>false</mandatory-flag>
                <externally-managed-flag>false</externally-managed-flag>
                <min-length>0</min-length>
            </attribute-definition>
        </attribute-definitions>
        <group-definitions>
            <attribute-group group-id="dealers">
                <display-name xml:lang="x-default">dealersAttributes</display-name>
                <attribute attribute-id="email"/>
                <attribute attribute-id="socialname"/>
                <attribute attribute-id="lastModified" system="true"/>
                <attribute attribute-id="phone"/>
                <attribute attribute-id="cnpj"/>
                <attribute attribute-id="fantasyname"/>
                <attribute attribute-id="creationDate" system="true"/>
                <attribute attribute-id="password"/>
            </attribute-group>
        </group-definitions>
    </custom-type>

    <custom-type type-id="faleConoso">
        <display-name xml:lang="x-default">Fale Conosco</display-name>
        <staging-mode>no-staging</staging-mode>
        <storage-scope>organization</storage-scope>
        <key-definition attribute-id="contactEmail">
            <type>string</type>
            <min-length>0</min-length>
        </key-definition>
        <attribute-definitions>
            <attribute-definition attribute-id="contactComment">
                <display-name xml:lang="x-default">Comment</display-name>
                <type>string</type>
                <localizable-flag>false</localizable-flag>
                <mandatory-flag>false</mandatory-flag>
                <externally-managed-flag>false</externally-managed-flag>
                <min-length>0</min-length>
            </attribute-definition>
            <attribute-definition attribute-id="contactFirstName">
                <display-name xml:lang="x-default">First Name</display-name>
                <type>string</type>
                <localizable-flag>false</localizable-flag>
                <mandatory-flag>false</mandatory-flag>
                <externally-managed-flag>false</externally-managed-flag>
                <min-length>0</min-length>
            </attribute-definition>
            <attribute-definition attribute-id="contactLastName">
                <display-name xml:lang="x-default">Last Name</display-name>
                <type>string</type>
                <localizable-flag>false</localizable-flag>
                <mandatory-flag>false</mandatory-flag>
                <externally-managed-flag>false</externally-managed-flag>
                <min-length>0</min-length>
            </attribute-definition>
            <attribute-definition attribute-id="contactTopic">
                <display-name xml:lang="x-default">Topic</display-name>
                <type>string</type>
                <localizable-flag>false</localizable-flag>
                <mandatory-flag>false</mandatory-flag>
                <externally-managed-flag>false</externally-managed-flag>
                <min-length>0</min-length>
            </attribute-definition>
        </attribute-definitions>
        <group-definitions>
            <attribute-group group-id="faleConosco">
                <display-name xml:lang="x-default">Fale Conosco</display-name>
                <attribute attribute-id="contactTopic"/>
                <attribute attribute-id="contactEmail"/>
                <attribute attribute-id="contactComment"/>
                <attribute attribute-id="contactLastName"/>
                <attribute attribute-id="contactFirstName"/>
            </attribute-group>
        </group-definitions>
    </custom-type>

    <custom-type type-id="faleconosco">
        <display-name xml:lang="x-default">FaleConosco</display-name>
        <staging-mode>no-staging</staging-mode>
        <storage-scope>organization</storage-scope>
        <key-definition attribute-id="contemail">
            <type>string</type>
            <min-length>0</min-length>
        </key-definition>
        <attribute-definitions>
            <attribute-definition attribute-id="comentario">
                <type>text</type>
                <localizable-flag>false</localizable-flag>
                <mandatory-flag>false</mandatory-flag>
                <externally-managed-flag>false</externally-managed-flag>
            </attribute-definition>
            <attribute-definition attribute-id="nome">
                <type>string</type>
                <localizable-flag>false</localizable-flag>
                <mandatory-flag>false</mandatory-flag>
                <externally-managed-flag>false</externally-managed-flag>
                <min-length>0</min-length>
            </attribute-definition>
            <attribute-definition attribute-id="tipo">
                <type>string</type>
                <localizable-flag>false</localizable-flag>
                <mandatory-flag>false</mandatory-flag>
                <externally-managed-flag>false</externally-managed-flag>
                <min-length>0</min-length>
            </attribute-definition>
            <attribute-definition attribute-id="ultimonome">
                <type>string</type>
                <localizable-flag>false</localizable-flag>
                <mandatory-flag>false</mandatory-flag>
                <externally-managed-flag>false</externally-managed-flag>
                <min-length>0</min-length>
            </attribute-definition>
        </attribute-definitions>
        <group-definitions>
            <attribute-group group-id="cont">
                <display-name xml:lang="x-default">Contatos</display-name>
                <attribute attribute-id="ultimonome"/>
                <attribute attribute-id="tipo"/>
                <attribute attribute-id="contemail"/>
                <attribute attribute-id="nome"/>
                <attribute attribute-id="comentario"/>
            </attribute-group>
        </group-definitions>
    </custom-type>

    <custom-type type-id="fornecedores">
        <display-name xml:lang="x-default">Fornecedores</display-name>
        <description xml:lang="x-default">Cadastro de Fornecedores</description>
        <staging-mode>no-staging</staging-mode>
        <storage-scope>organization</storage-scope>
        <key-definition attribute-id="cnpj">
            <type>string</type>
            <min-length>0</min-length>
        </key-definition>
        <attribute-definitions>
            <attribute-definition attribute-id="cep">
                <display-name xml:lang="x-default">CEP</display-name>
                <type>string</type>
                <localizable-flag>false</localizable-flag>
                <mandatory-flag>false</mandatory-flag>
                <externally-managed-flag>false</externally-managed-flag>
                <min-length>0</min-length>
            </attribute-definition>
            <attribute-definition attribute-id="email">
                <display-name xml:lang="x-default">Email Corporativo</display-name>
                <type>email</type>
                <localizable-flag>false</localizable-flag>
                <mandatory-flag>false</mandatory-flag>
                <externally-managed-flag>false</externally-managed-flag>
            </attribute-definition>
            <attribute-definition attribute-id="endereco">
                <display-name xml:lang="x-default">Endereco Completo</display-name>
                <type>text</type>
                <localizable-flag>false</localizable-flag>
                <mandatory-flag>false</mandatory-flag>
                <externally-managed-flag>false</externally-managed-flag>
            </attribute-definition>
            <attribute-definition attribute-id="estado">
                <display-name xml:lang="x-default">Estado</display-name>
                <type>string</type>
                <localizable-flag>false</localizable-flag>
                <mandatory-flag>false</mandatory-flag>
                <externally-managed-flag>false</externally-managed-flag>
                <min-length>0</min-length>
            </attribute-definition>
            <attribute-definition attribute-id="nomecontato">
                <display-name xml:lang="x-default">Nome de Contato</display-name>
                <type>string</type>
                <localizable-flag>false</localizable-flag>
                <mandatory-flag>false</mandatory-flag>
                <externally-managed-flag>false</externally-managed-flag>
                <min-length>0</min-length>
            </attribute-definition>
            <attribute-definition attribute-id="nomefantasia">
                <display-name xml:lang="x-default">Nome Fantasia</display-name>
                <type>string</type>
                <localizable-flag>false</localizable-flag>
                <mandatory-flag>false</mandatory-flag>
                <externally-managed-flag>false</externally-managed-flag>
                <min-length>0</min-length>
            </attribute-definition>
            <attribute-definition attribute-id="phone">
                <display-name xml:lang="x-default">Telefone de Contato</display-name>
                <type>double</type>
                <localizable-flag>false</localizable-flag>
                <mandatory-flag>false</mandatory-flag>
                <externally-managed-flag>false</externally-managed-flag>
            </attribute-definition>
            <attribute-definition attribute-id="razao">
                <display-name xml:lang="x-default">Razão Social</display-name>
                <type>string</type>
                <localizable-flag>false</localizable-flag>
                <mandatory-flag>false</mandatory-flag>
                <externally-managed-flag>false</externally-managed-flag>
                <min-length>0</min-length>
            </attribute-definition>
        </attribute-definitions>
        <group-definitions>
            <attribute-group group-id="CadFornecedores">
                <display-name xml:lang="x-default">Fornecedores</display-name>
                <attribute attribute-id="email"/>
                <attribute attribute-id="nomefantasia"/>
                <attribute attribute-id="endereco"/>
                <attribute attribute-id="razao"/>
                <attribute attribute-id="cep"/>
                <attribute attribute-id="nomecontato"/>
                <attribute attribute-id="cnpj"/>
                <attribute attribute-id="phone"/>
                <attribute attribute-id="estado"/>
            </attribute-group>
        </group-definitions>
    </custom-type>

    <custom-type type-id="revenda">
        <display-name xml:lang="x-default">Cadastro de revendedores</display-name>
        <description xml:lang="x-default">Cadastro de revendedores</description>
        <staging-mode>no-staging</staging-mode>
        <storage-scope>organization</storage-scope>
        <retention-days>20</retention-days>
        <key-definition attribute-id="cnpj">
            <type>string</type>
            <min-length>0</min-length>
        </key-definition>
        <attribute-definitions>
            <attribute-definition attribute-id="category">
                <display-name xml:lang="x-default">Categorias</display-name>
                <type>string</type>
                <localizable-flag>false</localizable-flag>
                <mandatory-flag>false</mandatory-flag>
                <externally-managed-flag>false</externally-managed-flag>
                <min-length>0</min-length>
            </attribute-definition>
            <attribute-definition attribute-id="contactRevend">
                <display-name xml:lang="x-default">Contato</display-name>
                <type>string</type>
                <localizable-flag>false</localizable-flag>
                <mandatory-flag>false</mandatory-flag>
                <externally-managed-flag>false</externally-managed-flag>
                <min-length>0</min-length>
            </attribute-definition>
            <attribute-definition attribute-id="emailRevend">
                <display-name xml:lang="x-default">Email</display-name>
                <type>string</type>
                <localizable-flag>false</localizable-flag>
                <mandatory-flag>false</mandatory-flag>
                <externally-managed-flag>false</externally-managed-flag>
                <min-length>0</min-length>
            </attribute-definition>
            <attribute-definition attribute-id="nameRevend">
                <display-name xml:lang="x-default">Nome Revendedor</display-name>
                <type>string</type>
                <localizable-flag>false</localizable-flag>
                <mandatory-flag>false</mandatory-flag>
                <externally-managed-flag>false</externally-managed-flag>
                <min-length>0</min-length>
            </attribute-definition>
            <attribute-definition attribute-id="phoneRevend">
                <display-name xml:lang="x-default">Telefone Revendedor</display-name>
                <type>string</type>
                <localizable-flag>false</localizable-flag>
                <mandatory-flag>false</mandatory-flag>
                <externally-managed-flag>false</externally-managed-flag>
                <min-length>0</min-length>
            </attribute-definition>
        </attribute-definitions>
        <group-definitions>
            <attribute-group group-id="revenda">
                <display-name xml:lang="x-default">revenda</display-name>
                <attribute attribute-id="nameRevend"/>
                <attribute attribute-id="phoneRevend"/>
                <attribute attribute-id="emailRevend"/>
                <attribute attribute-id="category"/>
                <attribute attribute-id="contactRevend"/>
                <attribute attribute-id="cnpj"/>
            </attribute-group>
        </group-definitions>
    </custom-type>

</metadata>
