<?xml version="1.0" encoding="UTF-8"?>
<users xmlns="http://www.demandware.com/xml/impex/user/2007-09-05">
    <user login="priscila.olberg@gmail.com" enabled-flag="true">
        <credentials>
            <external-id>820852ab-0f75-439e-821d-0184db998836</external-id>
        </credentials>
        <profile>
            <first-name>Priscila</first-name>
            <last-name>Olberg</last-name>
            <email>priscila.olberg@gmail.com</email>
        </profile>
    </user>

    <user login="grupo4.salesforce@gmail.com" enabled-flag="true">
        <credentials>
            <external-id>2d07625b-cca2-4ad4-a0a0-6bbc7495b7eb</external-id>
        </credentials>
        <profile>
            <first-name>Grupo 4</first-name>
            <last-name>Salesforce</last-name>
            <email>grupo4.salesforce@gmail.com</email>
        </profile>
    </user>

</users>
