<?xml version="1.0" encoding="UTF-8"?>
<custom-objects xmlns="http://www.demandware.com/xml/impex/customobject/2006-10-31">
    <custom-object type-id="faleConoso" object-id="grupo4.salesforce@gmail.com">
        <object-attribute attribute-id="contactFirstName">Organic</object-attribute>
        <object-attribute attribute-id="contactLastName">Acn</object-attribute>
        <object-attribute attribute-id="contactTopic">Grupo acn Organic</object-attribute>
    </custom-object>

</custom-objects>
