<?xml version="1.0" encoding="UTF-8"?>
<custom-objects xmlns="http://www.demandware.com/xml/impex/customobject/2006-10-31">
    <custom-object type-id="fornecedores" object-id="123">
        <object-attribute attribute-id="email">teste@test.com</object-attribute>
        <object-attribute attribute-id="endereco">teste teste teste</object-attribute>
        <object-attribute attribute-id="estado">123</object-attribute>
        <object-attribute attribute-id="nomecontato">teste update</object-attribute>
        <object-attribute attribute-id="nomefantasia">Teste Joanne</object-attribute>
    </custom-object>

    <custom-object type-id="fornecedores" object-id="1234">
        <object-attribute attribute-id="email">priscila.olberg@gmail.com</object-attribute>
        <object-attribute attribute-id="endereco">teste teste teste</object-attribute>
        <object-attribute attribute-id="estado">123</object-attribute>
        <object-attribute attribute-id="nomefantasia">Teste Joanne</object-attribute>
    </custom-object>

    <custom-object type-id="fornecedores" object-id="98824425364">
        <object-attribute attribute-id="email">icestunninggirl@gmail.com</object-attribute>
        <object-attribute attribute-id="endereco">Rua Hermes Vieira da Silva</object-attribute>
        <object-attribute attribute-id="estado">Rio de Janeiro</object-attribute>
        <object-attribute attribute-id="nomefantasia">Aquela da Luz</object-attribute>
    </custom-object>

</custom-objects>
