<?xml version="1.0" encoding="UTF-8"?>
<custom-objects xmlns="http://www.demandware.com/xml/impex/customobject/2006-10-31">
    <custom-object type-id="revenda" object-id="11111111111111">
        <object-attribute attribute-id="category">teste2</object-attribute>
        <object-attribute attribute-id="contactRevend">11111</object-attribute>
        <object-attribute attribute-id="emailRevend">teste@testeAlline.com</object-attribute>
        <object-attribute attribute-id="nameRevend">Teste Alline</object-attribute>
        <object-attribute attribute-id="phoneRevend">9876543210</object-attribute>
    </custom-object>

    <custom-object type-id="revenda" object-id="12345678945678">
        <object-attribute attribute-id="category">Mercearia</object-attribute>
        <object-attribute attribute-id="contactRevend">alline cardoso</object-attribute>
        <object-attribute attribute-id="emailRevend">migowskialline@gmail.com</object-attribute>
        <object-attribute attribute-id="nameRevend">Vamos testanto</object-attribute>
        <object-attribute attribute-id="phoneRevend">9999999999</object-attribute>
    </custom-object>

    <custom-object type-id="revenda" object-id="45685214785236">
        <object-attribute attribute-id="category">açougue</object-attribute>
        <object-attribute attribute-id="contactRevend">Maria</object-attribute>
        <object-attribute attribute-id="emailRevend">migowskialline@gmail.com</object-attribute>
        <object-attribute attribute-id="nameRevend">ABCD açougue</object-attribute>
        <object-attribute attribute-id="phoneRevend">988889885</object-attribute>
    </custom-object>

</custom-objects>
