<?xml version="1.0" encoding="UTF-8"?>
<custom-objects xmlns="http://www.demandware.com/xml/impex/customobject/2006-10-31">
    <custom-object type-id="Revend" object-id="jessica@rf.br">
        <object-attribute attribute-id="cidade">Rio de Janeiro</object-attribute>
        <object-attribute attribute-id="estado">RJ</object-attribute>
        <object-attribute attribute-id="nome">Jessica</object-attribute>
        <object-attribute attribute-id="phone">2147483647</object-attribute>
    </custom-object>

    <custom-object type-id="Revend" object-id="juliana@rf.com">
        <object-attribute attribute-id="cidade">Vitória da Conquista</object-attribute>
        <object-attribute attribute-id="estado">Bahia</object-attribute>
        <object-attribute attribute-id="nome">Juliana</object-attribute>
        <object-attribute attribute-id="phone">2147483647</object-attribute>
    </custom-object>

    <custom-object type-id="Revend" object-id="maria@rf.br">
        <object-attribute attribute-id="cidade">Rio de Janeiro</object-attribute>
        <object-attribute attribute-id="estado">RJ</object-attribute>
        <object-attribute attribute-id="nome">Maria</object-attribute>
        <object-attribute attribute-id="phone">2147483647</object-attribute>
    </custom-object>

    <custom-object type-id="Revend" object-id="maria@xpto.edu.br">
        <object-attribute attribute-id="cidade">Rio de Janeiro</object-attribute>
        <object-attribute attribute-id="estado">RJ</object-attribute>
        <object-attribute attribute-id="nome">Maria</object-attribute>
        <object-attribute attribute-id="phone">2147483647</object-attribute>
    </custom-object>

</custom-objects>
