<?xml version="1.0" encoding="UTF-8"?>
<custom-objects xmlns="http://www.demandware.com/xml/impex/customobject/2006-10-31">
    <custom-object type-id="SignInDealer" object-id="a.carolg1@gmail.com">
        <object-attribute attribute-id="cnpj">1234567890123456</object-attribute>
        <object-attribute attribute-id="fantasyname">Ana Caroline da</object-attribute>
        <object-attribute attribute-id="password">Hanna.022</object-attribute>
        <object-attribute attribute-id="phone">11996796221</object-attribute>
        <object-attribute attribute-id="socialname">Andrade</object-attribute>
    </custom-object>

    <custom-object type-id="SignInDealer" object-id="leonardopetretti@hotmail.com">
        <object-attribute attribute-id="cnpj">1234567890123456</object-attribute>
        <object-attribute attribute-id="fantasyname">Leonardo</object-attribute>
        <object-attribute attribute-id="password">12345678</object-attribute>
        <object-attribute attribute-id="phone">11996796221</object-attribute>
        <object-attribute attribute-id="socialname">De Andrade</object-attribute>
    </custom-object>

    <custom-object type-id="SignInDealer" object-id="silva.anacaroline@yahoo.com.br">
        <object-attribute attribute-id="cnpj">1234567890123456</object-attribute>
        <object-attribute attribute-id="fantasyname">Ana Caroline da</object-attribute>
        <object-attribute attribute-id="password">Hanna.022</object-attribute>
        <object-attribute attribute-id="phone">11996796221</object-attribute>
        <object-attribute attribute-id="socialname">Andrade</object-attribute>
    </custom-object>

</custom-objects>
