<?xml version="1.0" encoding="UTF-8"?>
<geolocations xmlns="http://www.demandware.com/xml/impex/geolocation/2007-05-01" country-code="BR">
    <geolocation postal-code="01311-200">
        <city xml:lang="x-default">São Paulo</city>
        <state xml:lang="x-default">SP</state>
        <longitude>-23.564983</longitude>
        <latitude>-46.654314</latitude>
    </geolocation>

    <geolocation postal-code="03004-007">
        <city xml:lang="x-default">São Paulo</city>
        <state xml:lang="x-default">SP</state>
        <longitude>-23.545808</longitude>
        <latitude>-46.621493</latitude>
    </geolocation>

</geolocations>
